Country,Continent,Photos,iso2c,iso3c
Afghanistan,Asia,3,AF,AFG
Albania,Europe,4,AL,ALB
Algeria,Africa,3,DZ,DZA
Angola,Africa,3,AO,AGO
Antigua and Barbuda,Americas,3,AG,ATG
Argentina,Americas,3,AR,ARG
Armenia,Asia,3,AM,ARM
Australia,Oceania,3,AU,AUS
Austria,Europe,3,AT,AUT
Azerbaijan,Asia,4,AZ,AZE
Bahamas,Americas,3,BS,BHS
Bahrain,Asia,4,BH,BHR
Bangladesh,Asia,5,BD,BGD
Barbados,Americas,3,BB,BRB
Belarus,Europe,3,BY,BLR
Belgium,Europe,4,BE,BEL
Belize,Americas,5,BZ,BLZ
Benin,Africa,4,BJ,BEN
Bhutan,Asia,4,BT,BTN
Bolivia,Americas,4,BO,BOL
Bosnia and Herzegovina,Europe,3,BA,BIH
Botswana,Africa,3,BW,BWA
Brazil,Americas,4,BR,BRA
Brunei,Asia,3,BN,BRN
Bulgaria,Europe,3,BG,BGR
Burkina Faso,Africa,4,BF,BFA
Burundi,Africa,4,BI,BDI
Cabo Verde,Africa,4,CV,CPV
Cambodia,Asia,4,KH,KHM
Cameroon,Africa,5,CM,CMR
Canada,Americas,3,CA,CAN
Central African Republic,Africa,4,CF,CAF
Chad,Africa,4,TD,TCD
Chile,Americas,4,CL,CHL
China,Asia,4,CN,CHN
Colombia,Americas,4,CO,COL
Comoros,Africa,3,KM,COM
Costa Rica,Americas,4,CR,CRI
Croatia,Europe,2,HR,HRV
Cuba,Americas,2,CU,CUB
Curacao,Americas,3,CW,CUW
Cyprus,Asia,3,CY,CYP
Czech Republic,Europe,3,CZ,CZE
Democratic Republic of the Congo,Africa,4,CD,COD
Denmark,Europe,4,DK,DNK
Djibouti,Africa,4,DJ,DJI
Dominica,Americas,3,DM,DMA
Dominican Republic,Americas,4,DO,DOM
East Timor,Asia,4,TL,TLS
Ecuador,Americas,3,EC,ECU
Egypt,Africa,3,EG,EGY
El Salvador,Americas,3,SV,SLV
Equatorial Guinea,Africa,3,GQ,GNQ
Eritrea,Africa,3,ER,ERI
Estonia,Europe,3,EE,EST
Eswatini,Africa,3,SZ,SWZ
Ethiopia,Africa,4,ET,ETH
Fiji,Oceania,3,FJ,FJI
Finland,Europe,4,FI,FIN
France,Europe,3,FR,FRA
French Guiana,Americas,3,GF,GUF
Gabon,Africa,3,GA,GAB
Gambia,Africa,3,GM,GMB
Georgia,Asia,3,GE,GEO
Germany,Europe,4,DE,DEU
Ghana,Africa,3,GH,GHA
Greece,Europe,3,GR,GRC
Grenada,Americas,4,GD,GRD
Guatemala,Americas,4,GT,GTM
Guinea,Africa,4,GN,GIN
Guinea Bissau,Africa,3,GW,GNB
Guyana,Americas,4,GY,GUY
Haiti,Americas,3,HT,HTI
Honduras,Americas,4,HN,HND
Hungary,Europe,3,HU,HUN
Iceland,Europe,0,IS,ISL
India,Asia,4,IN,IND
Indonesia,Asia,4,ID,IDN
Iran,Asia,3,IR,IRN
Iraq,Asia,3,IQ,IRQ
Ireland,Europe,2,IE,IRL
Israel,Asia,3,IL,ISR
Italy,Europe,3,IT,ITA
Ivory Coast,Africa,3,CI,CIV
Jamaica,Americas,3,JM,JAM
Japan,Asia,3,JP,JPN
Jordan,Asia,2,JO,JOR
Kazakhstan,Asia,5,KZ,KAZ
Kenya,Africa,4,KE,KEN
Kuwait,Asia,3,KW,KWT
Kyrgyzstan,Asia,4,KG,KGZ
Laos,Asia,4,LA,LAO
Latvia,Europe,3,LV,LVA
Lebanon,Asia,2,LB,LBN
Lesotho,Africa,3,LS,LSO
Liberia,Africa,4,LR,LBR
Libya,Africa,4,LY,LBY
Liechtenstein,Europe,0,LI,LIE
Lithuania,Europe,3,LT,LTU
Luxemborg,Europe,3,LU,LUX
Madagascar,Africa,4,MG,MDG
Malawi,Africa,3,MW,MWI
Malaysia,Asia,3,MY,MYS
Maldives,Asia,0,MV,MDV
Mali,Africa,3,ML,MLI
Malta,Europe,4,MT,MLT
Mauritania,Africa,3,MR,MRT
Mauritius,Africa,3,MU,MUS
Mexico,Americas,3,MX,MEX
Moldova,Europe,2,MD,MDA
Monaco,Europe,0,MC,MCO
Mongolia,Asia,4,MN,MNG
Montenegro,Europe,3,ME,MNE
Morocco,Africa,3,MA,MAR
Mozambique,Africa,4,MZ,MOZ
Myanmar,Asia,3,MM,MMR
Namibia,Africa,3,NA,NAM
Nepal,Asia,3,NP,NPL
Netherlands,Europe,3,NL,NLD
New Zealand,Oceania,3,NZ,NZL
Nicaragua,Americas,3,NI,NIC
Niger,Africa,3,NE,NER
Nigeria,Africa,3,NG,NGA
North Korea,Asia,3,KP,PRK
North Macedonia,Europe,3,MK,MKD
Norway,Europe,3,NO,NOR
Oman,Asia,3,OM,OMN
Pakistan,Asia,3,PK,PAK
Panama,Americas,3,PA,PAN
Papua New Guinea,Oceania,3,PG,PNG
Paraguay,Americas,3,PY,PRY
Peru,Americas,3,PE,PER
Philippines,Asia,3,PH,PHL
Poland,Europe,3,PL,POL
Portugal,Europe,3,PT,PRT
Qatar,Asia,3,QA,QAT
Republic of the Congo,Africa,4,CG,COG
Romania,Europe,4,RO,ROU
Russia,Europe,3,RU,RUS
Rwanda,Africa,3,RW,RWA
Sao Tome and Principe,Africa,0,ST,STP
Saudi Arabia,Asia,3,SA,SAU
Senegal,Africa,3,SN,SEN
Serbia,Europe,3,RS,SRB
Seychelles,Africa,0,SC,SYC
Sierra Leone,Africa,3,SL,SLE
Singapore,Asia,3,SG,SGP
Slovakia,Europe,2,SK,SVK
Slovenia,Europe,4,SI,SVN
Solomon Islands,Oceania,3,SB,SLB
Somalia,Africa,3,SO,SOM
South Africa,Africa,3,ZA,ZAF
South Korea,Asia,3,KR,KOR
South Sudan,Africa,0,SS,SSD
Spain,Europe,3,ES,ESP
Sri Lanka,Asia,3,LK,LKA
Saint Vincent and the Grenadines,Americas,3,VC,VCT
Saint Kitts and Nevis,Americas,0,KN,KNA
Saint Lucia,Americas,3,LC,LCA
Sudan,Africa,3,SD,SDN
Suriname,Americas,4,SR,SUR
Sweden,Europe,3,SE,SWE
Switzerland,Europe,3,CH,CHE
Syria,Asia,3,SY,SYR
Taiwan,Asia,0,TW,TWN
Tajikistan,Asia,3,TJ,TJK
Tanzania,Africa,3,TZ,TZA
Thailand,Asia,3,TH,THA
Togo,Africa,3,TG,TGO
Trinidad and Tobago,Americas,3,TT,TTO
Tunisia,Africa,3,TN,TUN
Turkey,Asia,3,TR,TUR
Turkmenistan,Asia,3,TM,TKM
Uganda,Africa,3,UG,UGA
Ukraine,Europe,3,UA,UKR
United Arab Emirates,Asia,3,AE,ARE
United Kingdom,Europe,3,GB,GBR
United States of America,Americas,3,US,USA
Uruguay,Americas,3,UY,URY
Uzbekistan,Asia,3,UZ,UZB
Venezuela,Americas,3,VE,VEN
Vietnam,Asia,3,VN,VNM
Yemen,Asia,3,YE,YEM
Zambia,Africa,3,ZM,ZMB
Zimbabwe,Africa,3,ZW,ZWE
